0.1,0.860,0.6
,0.07,砂土,81
78,4.9,4.9,
,,,
0.2,0.550,0.4
,0.07,砂土,65
72,3.1,3.1,
,,,
0.3,0.670,0.8
,0.12,砂土,71
74,3.8,3.8,
,,,
0.4,0.910,1.0
,0.11,砂土,84
80,5.2,5.2,
,,,
0.5,0.790,0.7
,0.09,砂土,78
77,4.5,4.5,
,,,
0.6,0.720,0.7
,0.10,砂土,74
75,4.1,4.1,
,,,
0.7,0.780,0.9
,0.12,砂土,77
77,4.5,4.5,
,,,
0.8,0.760,0.8
,0.11,砂土,76
76,4.3,4.3,
,,,
0.9,0.910,0.8
,0.09,砂土,84
80,5.2,5.2,
,,,
1.0,1.060,0.9
,0.08,砂土,91
83,6.1,6.1,
,,,
1.1,1.170,0.8
,0.07,砂土,95
85,6.7,6.7,
,,,
1.2,0.530,0.5
,0.09,砂土,64
71,3.0,3.0,
,,,
1.3,0.340,0.4
,0.12,砂土,52
67,<2.6,<2.6,
,,,
1.4,0.380,1.0
,0.26,砂土,54
68,<2.6,<2.6,
,,,
1.5,0.490,0.3
,0.06,砂土,61
70,2.8,2.8,
,,,
1.6,0.360,0.4
,0.11,砂土,53
67,<2.6,<2.6,
,,,
1.7,0.430,0.3
,0.07,砂土,58
69,<2.6,<2.6,
,,,
1.8,0.280,0.3
,0.11,砂土,47
66,<2.6,<2.6,
,,,
1.9,0.270,0.3
,0.11,砂土,47
65,<2.6,<2.6,
,,,
2.0,0.300,0.8
,0.27,砂土,49
66,<2.6,<2.6,
,,,
2.1,0.760,0.5
,0.07,砂土,76
76,4.3,4.3,
,,,
2.2,0.330,0.6
,0.18,砂土,51
67,<2.6,<2.6,
,,,
2.3,2.140,3.5
,0.16,砂土,133
107,12.2,12.2,
,,,
2.4,1.310,1.4
,0.11,砂土,101
88,7.5,7.5,
,,,
2.5,3.860,2.2
,0.06,砂土,186
144,22.1,22.1,
,,,
2.6,0.980,0.5
,0.05,砂土,87
81,5.6,5.6,
,,,
2.7,0.370,0.4
,0.11,砂土,54
68,<2.6,<2.6,
,,,
2.8,0.380,0.6
,0.16,砂土,54
68,<2.6,<2.6,
,,,
2.9,0.390,0.3
,0.08,砂土,55
68,<2.6,<2.6,
,,,
3.0,0.420,0.6
,0.14,砂土,57
69,<2.6,<2.6,
,,,
3.1,0.870,1.2
,0.14,砂土,82
79,5.0,5.0,
,,,
3.2,1.520,1.5
,0.10,砂土,110
93,8.7,8.7,
,,,
3.3,0.690,0.8
,0.12,砂土,72
75,3.9,3.9,
,,,
3.4,2.650,1.0
,0.04,砂土,150
118,15.2,15.2,
,,,
3.5,0.470,0.4
,0.09,砂土,60
70,2.7,2.7,
,,,
3.6,0.570,0.5
,0.09,砂土,66
72,3.3,3.3,
,,,
3.7,1.440,1.0
,0.07,砂土,107
91,8.2,8.2,
,,,
3.8,1.080,1.2
,0.11,砂土,91
83,6.2,6.2,
,,,
3.9,0.810,0.8
,0.10,砂土,79
77,4.6,4.6,
,,,
4.0,0.800,1.6
,0.20,砂土,78
77,4.6,4.6,
,,,
4.1,2.200,2.1
,0.10,砂土,135
108,12.6,12.6,
,,,
4.2,1.540,0.8
,0.05,砂土,111
93,8.8,8.8,
,,,
4.3,1.530,1.7
,0.11,砂土,110
93,8.8,8.8,
,,,
4.4,2.310,3.1
,0.13,砂土,139
110,13.2,13.2,
,,,
4.5,3.430,3.6
,0.10,砂土,174
135,19.6,19.6,
,,,
4.6,3.540,3.5
,0.10,砂土,177
137,20.2,20.2,
,,,
4.7,3.520,3.7
,0.11,砂土,177
137,20.1,20.1,
,,,
4.8,4.070,4.2
,0.10,砂土,192
149,23.3,23.3,
,,,
4.9,4.280,4.3
,0.10,砂土,198
154,24.5,24.5,
,,,
5.0,4.520,2.3
,0.05,砂土,204
159,25.9,25.9,
,,,
5.1,1.080,0.6
,0.06,砂土,91
83,6.2,6.2,
,,,
5.2,0.470,0.7
,0.15,砂土,60
70,2.7,2.7,
,,,
5.3,0.640,0.5
,0.08,砂土,70
74,3.7,3.7,
,,,
5.4,0.420,0.5
,0.12,砂土,57
69,<2.6,<2.6,
,,,
5.5,0.460,1.2
,0.26,砂土,59
70,2.6,2.6,
,,,
5.6,1.180,1.4
,0.12,砂土,96
85,6.7,6.7,
,,,
5.7,1.230,0.6
,0.05,砂土,98
87,7.0,7.0,
,,,
5.8,0.620,0.6
,0.10,砂土,69
73,3.5,3.5,
,,,
5.9,0.490,0.5
,0.10,砂土,61
70,2.8,2.8,
,,,
6.0,0.430,0.4
,0.09,砂土,58
69,<2.6,<2.6,
,,,
6.1,0.990,1.0
,0.10,砂土,87
81,5.7,5.7,
,,,
6.2,3.340,6.1
,0.18,砂土,171
133,19.1,19.1,
,,,
6.3,8.690,8.4
,0.10,砂土,301
251,>16.5,>16.5,
,,,
6.4,8.570,9.0
,0.11,砂土,298
248,>16.5,>16.5,
,,,
6.5,9.390,8.9
,0.09,砂土,315
266,>16.5,>16.5,
,,,
6.6,8.140,8.6
,0.11,砂土,289
239,>16.5,>16.5,
,,,
6.7,8.730,6.5
,0.07,砂土,302
252,>16.5,>16.5,
,,,
6.8,7.480,7.4
,0.10,砂土,275
224,>16.5,>16.5,
,,,
6.9,6.070,5.2
,0.09,砂土,243
193,34.7,34.7,
,,,
7.0,4.300,4.1
,0.10,砂土,198
154,24.6,24.6,
,,,
7.1,3.980,4.5
,0.11,砂土,190
147,22.8,22.8,
,,,
7.2,4.460,3.6
,0.08,砂土,203
158,25.5,25.5,
,,,
7.3,3.500,4.0
,0.11,砂土,176
137,20.0,20.0,
,,,
7.4,4.370,4.0
,0.09,砂土,200
156,25.0,25.0,
,,,
7.5,3.670,4.5
,0.12,砂土,181
140,21.0,21.0,
,,,
7.6,4.280,4.9
,0.11,砂土,198
154,24.5,24.5,
,,,
7.7,5.230,6.3
,0.12,砂土,222
175,29.9,29.9,
,,,
7.8,5.530,4.3
,0.08,砂土,230
181,31.6,31.6,
,,,
7.9,3.980,4.1
,0.10,砂土,190
147,22.8,22.8,
,,,
8.0,4.200,4.1
,0.10,砂土,196
152,24.0,24.0,
,,,
8.1,4.430,5.4
,0.12,砂土,202
157,25.3,25.3,
,,,
8.2,8.770,12.7
,0.14,砂土,303
252,>16.5,>16.5,
,,,
8.3,13.790,13.8
,0.10,砂土,398
363,>16.5,>16.5,
,,,
8.4,13.900,13.6
,0.10,砂土,399
365,>16.5,>16.5,
,,,
8.5,13.670,13.4
,0.10,砂土,395
360,>16.5,>16.5,
,,,
8.6,12.240,12.0
,0.10,砂土,370
329,>16.5,>16.5,
,,,
8.7,11.760,11.3
,0.10,砂土,361
318,>16.5,>16.5,
,,,
8.8,10.620,9.2
,0.09,砂土,339
293,>16.5,>16.5,
,,,
8.9,6.280,4.2
,0.07,砂土,248
198,35.9,35.9,
,,,
9.0,4.300,5.7
,0.13,砂土,198
154,24.6,24.6,
,,,
9.1,7.580,10.3
,0.14,砂土,277
226,>16.5,>16.5,
,,,
9.2,11.380,12.2
,0.11,砂土,354
310,>16.5,>16.5,
,,,
9.3,12.350,12.4
,0.10,砂土,372
331,>16.5,>16.5,
,,,
9.4,12.940,13.0
,0.10,砂土,383
344,>16.5,>16.5,
,,,
9.5,12.610,11.6
,0.09,砂土,377
337,>16.5,>16.5,
,,,
9.6,9.720,6.7
,0.07,砂土,322
273,>16.5,>16.5,
,,,
9.7,5.500,6.0
,0.11,砂土,229
181,31.5,31.5,
,,,
9.8,6.680,6.3
,0.09,砂土,257
206,>16.5,>16.5,
,,,
9.9,6.410,6.0
,0.09,砂土,251
201,>16.5,>16.5,
,,,
10.0,5.860,7.0
,0.12,砂土,238
188,33.5,33.5,
,,,
10.1,8.620,8.4
,0.10,砂土,299
249,>16.5,>16.5,
,,,
10.2,6.300,5.7
,0.09,砂土,248
198,36.0,36.0,
,,,
10.3,5.730,6.5
,0.11,砂土,235
186,32.8,32.8,
,,,
10.4,8.040,8.5
,0.11,砂土,287
236,>16.5,>16.5,
,,,
10.5,7.300,7.0
,0.10,砂土,271
220,>16.5,>16.5,
,,,
10.6,6.580,6.0
,0.09,砂土,255
204,>16.5,>16.5,
,,,
10.7,5.630,5.5
,0.10,砂土,232
183,32.2,32.2,
,,,
10.8,5.510,5.5
,0.10,砂土,229
181,31.5,31.5,
,,,
10.9,5.450,5.5
,0.10,砂土,228
179,31.2,31.2,
,,,
11.0,5.580,5.9
,0.11,砂土,231
182,31.9,31.9,
,,,
11.1,6.420,6.6
,0.10,砂土,251
201,>16.5,>16.5,
,,,
11.2,6.630,7.9
,0.12,砂土,256
205,>16.5,>16.5,
,,,
11.3,8.780,9.1
,0.10,砂土,303
253,>16.5,>16.5,
,,,
11.4,8.730,8.7
,0.10,砂土,302
252,>16.5,>16.5,
,,,
11.5,7.370,7.4
,0.10,砂土,273
222,>16.5,>16.5,
,,,
11.6,7.730,7.5
,0.10,砂土,280
230,>16.5,>16.5,
,,,
11.7,8.990,11.7
,0.13,砂土,307
257,>16.5,>16.5,
,,,
11.8,13.450,12.3
,0.09,砂土,392
355,>16.5,>16.5,
,,,
11.9,11.060,11.4
,0.10,砂土,348
303,>16.5,>16.5,
,,,
12.0,11.590,9.7
,0.08,砂土,358
314,>16.5,>16.5,
,,,
12.1,9.400,10.8
,0.11,砂土,315
266,>16.5,>16.5,
,,,
12.2,7.670,6.5
,0.08,砂土,279
228,>16.5,>16.5,
,,,
12.3,6.840,7.1
,0.10,砂土,261
210,>16.5,>16.5,
,,,
12.4,8.080,10.3
,0.13,砂土,288
237,>16.5,>16.5,
,,,
12.5,12.360,9.1
,0.07,砂土,372
331,>16.5,>16.5,
,,,
12.6,7.190,7.9
,0.11,砂土,269
218,>16.5,>16.5,
,,,
12.7,12.560,14.2
,0.11,砂土,376
336,>16.5,>16.5,
,,,
12.8,13.840,12.0
,0.09,砂土,398
364,>16.5,>16.5,
,,,
12.9,12.270,11.0
,0.09,砂土,370
329,>16.5,>16.5,
,,,
13.0,9.360,10.6
,0.11,砂土,315
265,>16.5,>16.5,
,,,
13.1,12.700,15.5
,0.12,砂土,378
339,>16.5,>16.5,
,,,
13.2,15.800,15.3
,0.10,砂土,432
407,>16.5,>16.5,
,,,
13.3,14.750,13.6
,0.09,砂土,414
384,>16.5,>16.5,
,,,
13.4,13.190,12.6
,0.10,砂土,387
350,>16.5,>16.5,
,,,
13.5,12.060,12.0
,0.10,砂土,367
325,>16.5,>16.5,
,,,
13.6,11.340,11.5
,0.10,砂土,353
309,>16.5,>16.5,
,,,
13.7,14.010,15.8
,0.11,砂土,401
368,>16.5,>16.5,
,,,
13.8,15.340,15.7
,0.10,砂土,424
397,>16.5,>16.5,
,,,
13.9,16.950,17.5
,0.10,砂土,451
432,>16.5,>16.5,
,,,
14.0,17.280,15.4
,0.09,砂土,456
440,>16.5,>16.5,
,,,
14.1,15.990,16.5
,0.10,砂土,435
411,>16.5,>16.5,
,,,
14.2,17.160,17.3
,0.10,砂土,454
437,>16.5,>16.5,
,,,
14.3,17.070,16.3
,0.10,砂土,453
435,>16.5,>16.5,
,,,
14.4,16.200,16.0
,0.10,砂土,438
416,>16.5,>16.5,
,,,
14.5,15.610,14.6
,0.09,砂土,429
403,>16.5,>16.5,
,,,
14.6,13.430,12.3
,0.09,砂土,391
355,>16.5,>16.5,
,,,
14.7,10.350,9.5
,0.09,砂土,334
287,>16.5,>16.5,
,,,
14.8,10.090,8.9
,0.09,砂土,329
281,>16.5,>16.5,
,,,
14.9,7.550,8.1
,0.11,砂土,277
226,>16.5,>16.5,
,,,
15.0,8.670,11.3
,0.13,砂土,300
250,>16.5,>16.5,
,,,
15.1,15.540,14.4
,0.09,砂土,428
401,>16.5,>16.5,
,,,
15.2,9.260,7.7
,0.08,砂土,313
263,>16.5,>16.5,
,,,
15.3,8.200,9.2
,0.11,砂土,291
240,>16.5,>16.5,
,,,
15.4,12.110,12.6
,0.10,砂土,367
326,>16.5,>16.5,
,,,
15.5,12.320,11.1
,0.09,砂土,371
331,>16.5,>16.5,
,,,
15.6,9.180,8.7
,0.09,砂土,311
261,>16.5,>16.5,
,,,
15.7,9.450,9.7
,0.10,砂土,316
267,>16.5,>16.5,
,,,
15.8,9.530,9.3
,0.10,砂土,318
269,>16.5,>16.5,
,,,
15.9,8.240,8.0
,0.10,砂土,291
241,>16.5,>16.5,
,,,
16.0,8.220,8.7
,0.11,砂土,291
240,>16.5,>16.5,
,,,
16.1,8.910,9.5
,0.11,砂土,305
256,>16.5,>16.5,
,,,
16.2,10.790,11.8
,0.11,砂土,343
297,>16.5,>16.5,
,,,
16.3,13.930,14.3
,0.10,砂土,400
366,>16.5,>16.5,
,,,
16.4,14.990,15.7
,0.10,砂土,418
389,>16.5,>16.5,
,,,
16.5,13.190,9.3
,0.07,砂土,387
350,>16.5,>16.5,
,,,
16.6,8.580,8.3
,0.10,砂土,299
248,>16.5,>16.5,
,,,
16.7,8.490,9.7
,0.11,砂土,297
246,>16.5,>16.5,
,,,
16.8,10.080,11.1
,0.11,砂土,329
281,>16.5,>16.5,
,,,
16.9,12.050,13.2
,0.11,砂土,366
325,>16.5,>16.5,
,,,
17.0,13.450,11.9
,0.09,砂土,392
355,>16.5,>16.5,
,,,
17.1,10.490,9.9
,0.09,砂土,337
290,>16.5,>16.5,
,,,
17.2,12.600,14.4
,0.11,砂土,376
337,>16.5,>16.5,
,,,
17.3,14.760,14.8
,0.10,砂土,414
384,>16.5,>16.5,
,,,
17.4,14.420,11.7
,0.08,砂土,409
377,>16.5,>16.5,
,,,
17.5,8.610,6.9
,0.08,砂土,299
249,>16.5,>16.5,
,,,
17.6,6.170,6.5
,0.11,砂土,245
195,35.3,35.3,
,,,
17.7,7.070,8.2
,0.12,砂土,266
215,>16.5,>16.5,
,,,
17.8,10.140,11.7
,0.12,砂土,330
283,>16.5,>16.5,
,,,
17.9,12.650,11.8
,0.09,砂土,377
338,>16.5,>16.5,
,,,
18.0,11.950,12.5
,0.10,砂土,365
322,>16.5,>16.5,
,,,
18.1,13.370,14.2
,0.11,砂土,390
354,>16.5,>16.5,
,,,
18.2,13.700,11.8
,0.09,砂土,396
361,>16.5,>16.5,
,,,
18.3,9.600,8.7
,0.09,砂土,319
271,>16.5,>16.5,
,,,
18.4,8.750,8.8
,0.10,砂土,302
252,>16.5,>16.5,
,,,
18.5,9.310,10.7
,0.11,砂土,314
264,>16.5,>16.5,
,,,
18.6,11.010,11.1
,0.10,砂土,347
302,>16.5,>16.5,
,,,
18.7,10.750,10.1
,0.09,砂土,342
296,>16.5,>16.5,
,,,
18.8,9.920,10.1
,0.10,砂土,326
278,>16.5,>16.5,
,,,
18.9,10.220,10.2
,0.10,砂土,332
284,>16.5,>16.5,
,,,
19.0,9.800,10.2
,0.10,砂土,323
275,>16.5,>16.5,
,,,
19.1,10.780,11.1
,0.10,砂土,343
297,>16.5,>16.5,
,,,
19.2,10.170,8.9
,0.09,砂土,331
283,>16.5,>16.5,
,,,
19.3,7.890,7.1
,0.09,砂土,284
233,>16.5,>16.5,
,,,
19.4,7.100,7.1
,0.10,砂土,267
216,>16.5,>16.5,
,,,
19.5,7.010,7.0
,0.10,砂土,265
214,>16.5,>16.5,
,,,
19.6,7.060,7.3
,0.10,砂土,266
215,>16.5,>16.5,
,,,
19.7,7.450,7.7
,0.10,砂土,274
223,>16.5,>16.5,
,,,
19.8,7.140,7.5
,0.11,砂土,268
217,>16.5,>16.5,
,,,
19.9,8.090,9.4
,0.12,砂土,288
237,>16.5,>16.5,
,,,
20.0,10.240,10.3
,0.10,砂土,332
285,>16.5,>16.5,
,,,
20.1,10.270,11.3
,0.11,砂土,333
285,>16.5,>16.5,
,,,
20.2,11.420,12.0
,0.11,砂土,355
311,>16.5,>16.5,
,,,
20.3,11.530,11.3
,0.10,砂土,357
313,>16.5,>16.5,
,,,
20.4,11.110,10.5
,0.09,砂土,349
304,>16.5,>16.5,
,,,
20.5,10.570,10.6
,0.10,砂土,338
292,>16.5,>16.5,
,,,
20.6,10.550,10.6
,0.10,砂土,338
292,>16.5,>16.5,
,,,
20.7,10.530,10.6
,0.10,砂土,338
291,>16.5,>16.5,
,,,
20.8,10.520,10.7
,0.10,砂土,338
291,>16.5,>16.5,
,,,
20.9,10.820,10.9
,0.10,砂土,343
298,>16.5,>16.5,
,,,
21.0,11.040,11.3
,0.10,砂土,347
302,>16.5,>16.5,
,,,
21.1,11.310,11.5
,0.10,砂土,353
308,>16.5,>16.5,
,,,
21.2,11.620,11.8
,0.10,砂土,358
315,>16.5,>16.5,
,,,
21.3,11.840,11.7
,0.10,砂土,362
320,>16.5,>16.5,
,,,
21.4,12.110,12.6
,0.10,砂土,367
326,>16.5,>16.5,
,,,
21.5,12.680,12.8
,0.10,砂土,378
338,>16.5,>16.5,
,,,
21.6,12.100,11.4
,0.09,砂土,367
326,>16.5,>16.5,
,,,
21.7,10.530,9.5
,0.09,砂土,338
291,>16.5,>16.5,
,,,
21.8,7.680,6.7
,0.09,砂土,279
228,>16.5,>16.5,
,,,
21.9,6.870,7.7
,0.11,砂土,261
211,>16.5,>16.5,
,,,
22.0,8.080,8.4
,0.10,砂土,288
237,>16.5,>16.5,
,,,
22.1,6.020,8.2
,0.14,砂土,242
192,34.4,34.4,
,,,
22.2,8.260,8.3
,0.10,砂土,292
241,>16.5,>16.5,
,,,
22.3,8.260,8.0
,0.10,砂土,292
241,>16.5,>16.5,
,,,
22.4,7.920,7.9
,0.10,砂土,285
234,>16.5,>16.5,
,,,
22.5,7.970,8.0
,0.10,砂土,286
235,>16.5,>16.5,
,,,
22.6,,8.0
,,,
,,,
,,,
22.7,,
,,,
,,,
,,,
22.8,,
,,,
,,,
,,,
22.9,,
,,,
,,,
,,,
23.0,,
,,,
,,,
,,,
23.1,,
,,,
,,,
,,,
23.2,,
,,,
,,,
,,,
23.3,,
,,,
,,,
,,,
23.4,,
,,,
,,,
,,,
23.5,,
,,,
,,,
,,,
23.6,,
,,,
,,,
,,,
23.7,,
,,,
,,,
,,,
23.8,,
,,,
,,,
,,,
23.9,,
,,,
,,,
,,,
24.0,,
,,,
,,,
,,,
24.1,,
,,,
,,,
,,,
24.2,,
,,,
,,,
,,,
24.3,,
,,,
,,,
,,,
24.4,,
,,,
,,,
,,,
24.5,,
,,,
,,,
,,,
24.6,,
,,,
,,,
,,,
24.7,,
,,,
,,,
,,,
24.8,,
,,,
,,,
,,,
24.9,,
,,,
,,,
,,,
25.0,,
,,,
,,,
,,,
25.1,,
,,,
,,,
,,,
25.2,,
,,,
,,,
,,,
25.3,,
,,,
,,,
,,,
25.4,,
,,,
,,,
,,,
25.5,,
,,,
,,,
,,,
25.6,,
,,,
,,,
,,,
25.7,,
,,,
,,,
,,,
25.8,,
,,,
,,,
,,,
25.9,,
,,,
,,,
,,,
26.0,,
,,,
,,,
,,,
26.1,,
,,,
,,,
,,,
26.2,,
,,,
,,,
,,,
26.3,,
,,,
,,,
,,,
26.4,,
,,,
,,,
,,,
26.5,,
,,,
,,,
,,,
26.6,,
,,,
,,,
,,,
26.7,,
,,,
,,,
,,,
26.8,,
,,,
,,,
,,,
26.9,,
,,,
,,,
,,,
27.0,,
,,,
,,,
,,,
27.1,,
,,,
,,,
,,,
27.2,,
,,,
,,,
,,,
27.3,,
,,,
,,,
,,,
27.4,,
,,,
,,,
,,,
27.5,,
,,,
,,,
,,,
27.6,,
,,,
,,,
,,,
27.7,,
,,,
,,,
,,,
27.8,,
,,,
,,,
,,,
27.9,,
,,,
,,,
,,,
28.0,,
,,,
,,,
,,,
28.1,,
,,,
,,,
,,,
28.2,,
,,,
,,,
,,,
28.3,,
,,,
,,,
,,,
28.4,,
,,,
,,,
,,,
28.5,,
,,,
,,,
,,,
28.6,,
,,,
,,,
,,,
28.7,,
,,,
,,,
,,,
28.8,,
,,,
,,,
,,,
28.9,,
,,,
,,,
,,,
29.0,,
,,,
,,,
,,,
29.1,,
,,,
,,,
,,,
29.2,,
,,,
,,,
,,,
29.3,,
,,,
,,,
,,,
29.4,,
,,,
,,,
,,,
29.5,,
,,,
,,,
,,,
29.6,,
,,,
,,,
,,,
29.7,,
,,,
,,,
,,,
29.8,,
,,,
,,,
,,,
29.9,,
,,,
,,,
,,,
30.0,,
,,,
,,,
,,,
30.1,,
,,,
,,,
,,,
30.2,,
,,,
,,,
,,,
30.3,,
,,,
,,,
,,,
30.4,,
,,,
,,,
,,,
30.5,,
,,,
,,,
,,,
30.6,,
,,,
,,,
,,,
30.7,,
,,,
,,,
,,,
30.8,,
,,,
,,,
,,,
30.9,,
,,,
,,,
,,,
31.0,,
,,,
,,,
,,,
31.1,,
,,,
,,,
,,,
31.2,,
,,,
,,,
,,,
31.3,,
,,,
,,,
,,,
31.4,,
,,,
,,,
,,,
31.5,,
,,,
,,,
,,,
31.6,,
,,,
,,,
,,,
31.7,,
,,,
,,,
,,,
31.8,,
,,,
,,,
,,,
31.9,,
,,,
,,,
,,,
32.0,,
,,,
,,,
,,,
32.1,,
,,,
,,,
,,,
32.2,,
,,,
,,,
,,,
32.3,,
,,,
,,,
,,,
32.4,,
,,,
,,,
,,,
32.5,,
,,,
,,,
,,,
32.6,,
,,,
,,,
,,,
32.7,,
,,,
,,,
,,,
32.8,,
,,,
,,,
,,,
32.9,,
,,,
,,,
,,,
33.0,,
,,,
,,,
,,,
33.1,,
,,,
,,,
,,,
33.2,,
,,,
,,,
,,,
33.3,,
,,,
,,,
,,,
33.4,,
,,,
,,,
,,,
33.5,,
,,,
,,,
,,,
33.6,,
,,,
,,,
,,,
33.7,,
,,,
,,,
,,,
33.8,,
,,,
,,,
,,,
33.9,,
,,,
,,,
,,,
34.0,,
,,,
,,,
,,,
34.1,,
,,,
,,,
,,,
34.2,,
,,,
,,,
,,,
34.3,,
,,,
,,,
,,,
34.4,,
,,,
,,,
,,,
34.5,,
,,,
,,,
,,,
34.6,,
,,,
,,,
,,,
34.7,,
,,,
,,,
,,,
34.8,,
,,,
,,,
,,,
34.9,,
,,,
,,,
,,,
35.0,,
,,,
,,,
,,,
35.1,,
,,,
,,,
,,,
35.2,,
,,,
,,,
,,,
35.3,,
,,,
,,,
,,,
35.4,,
,,,
,,,
,,,
35.5,,
,,,
,,,
,,,
35.6,,
,,,
,,,
,,,
35.7,,
,,,
,,,
,,,
35.8,,
,,,
,,,
,,,
35.9,,
,,,
,,,
,,,
36.0,,
,,,
,,,
,,,
36.1,,
,,,
,,,
,,,
36.2,,
,,,
,,,
,,,
36.3,,
,,,
,,,
,,,
36.4,,
,,,
,,,
,,,
36.5,,
,,,
,,,
,,,
36.6,,
,,,
,,,
,,,
36.7,,
,,,
,,,
,,,
36.8,,
,,,
,,,
,,,
36.9,,
,,,
,,,
,,,
37.0,,
,,,
,,,
,,,
37.1,,
,,,
,,,
,,,
37.2,,
,,,
,,,
,,,
37.3,,
,,,
,,,
,,,
37.4,,
,,,
,,,
,,,
37.5,,
,,,
,,,
,,,
37.6,,
,,,
,,,
,,,
37.7,,
,,,
,,,
,,,
37.8,,
,,,
,,,
,,,
37.9,,
,,,
,,,
,,,
38.0,,
,,,
,,,
,,,
38.1,,
,,,
,,,
,,,
38.2,,
,,,
,,,
,,,
38.3,,
,,,
,,,
,,,
38.4,,
,,,
,,,
,,,
38.5,,
,,,
,,,
,,,
38.6,,
,,,
,,,
,,,
38.7,,
,,,
,,,
,,,
38.8,,
,,,
,,,
,,,
38.9,,
,,,
,,,
,,,
39.0,,
,,,
,,,
,,,
39.1,,
,,,
,,,
,,,
39.2,,
,,,
,,,
,,,
39.3,,
,,,
,,,
,,,
39.4,,
,,,
,,,
,,,
39.5,,
,,,
,,,
,,,
39.6,,
,,,
,,,
,,,
39.7,,
,,,
,,,
,,,
39.8,,
,,,
,,,
,,,
39.9,,
,,,
,,,
,,,
40.0,,
,,,
,,,
,,,
40.1,,
,,,
,,,
,,,
40.2,,
,,,
,,,
,,,
40.3,,
,,,
,,,
,,,
40.4,,
,,,
,,,
,,,
40.5,,
,,,
,,,
,,,
40.6,,
,,,
,,,
,,,
40.7,,
,,,
,,,
,,,
40.8,,
,,,
,,,
,,,
40.9,,
,,,
,,,
,,,
41.0,,
,,,
,,,
,,,
41.1,,
,,,
,,,
,,,
41.2,,
,,,
,,,
,,,
41.3,,
,,,
,,,
,,,
41.4,,
,,,
,,,
,,,
41.5,,
,,,
,,,
,,,
41.6,,
,,,
,,,
,,,
41.7,,
,,,
,,,
,,,
41.8,,
,,,
,,,
,,,
41.9,,
,,,
,,,
,,,
42.0,,
,,,
,,,
,,,
42.1,,
,,,
,,,
,,,
42.2,,
,,,
,,,
,,,
42.3,,
,,,
,,,
,,,
42.4,,
,,,
,,,
,,,
42.5,,
,,,
,,,
,,,
42.6,,
,,,
,,,
,,,
42.7,,
,,,
,,,
,,,
42.8,,
,,,
,,,
,,,
42.9,,
,,,
,,,
,,,
43.0,,
,,,
,,,
,,,
43.1,,
,,,
,,,
,,,
43.2,,
,,,
,,,
,,,
43.3,,
,,,
,,,
,,,
43.4,,
,,,
,,,
,,,
43.5,,
,,,
,,,
,,,
43.6,,
,,,
,,,
,,,
43.7,,
,,,
,,,
,,,
43.8,,
,,,
,,,
,,,
43.9,,
,,,
,,,
,,,
44.0,,
,,,
,,,
,,,
44.1,,
,,,
,,,
,,,
44.2,,
,,,
,,,
,,,
44.3,,
,,,
,,,
,,,
44.4,,
,,,
,,,
,,,
44.5,,
,,,
,,,
,,,
44.6,,
,,,
,,,
,,,
44.7,,
,,,
,,,
,,,
44.8,,
,,,
,,,
,,,
44.9,,
,,,
,,,
,,,
45.0,,
,,,
,,,
,,,
45.1,,
,,,
,,,
,,,
45.2,,
,,,
,,,
,,,
45.3,,
,,,
,,,
,,,
45.4,,
,,,
,,,
,,,
45.5,,
,,,
,,,
,,,
45.6,,
,,,
,,,
,,,
45.7,,
,,,
,,,
,,,
45.8,,
,,,
,,,
,,,
45.9,,
,,,
,,,
,,,
46.0,,
,,,
,,,
,,,
46.1,,
,,,
,,,
,,,
46.2,,
,,,
,,,
,,,
46.3,,
,,,
,,,
,,,
46.4,,
,,,
,,,
,,,
46.5,,
,,,
,,,
,,,
46.6,,
,,,
,,,
,,,
46.7,,
,,,
,,,
,,,
46.8,,
,,,
,,,
,,,
46.9,,
,,,
,,,
,,,
47.0,,
,,,
,,,
,,,
47.1,,
,,,
,,,
,,,
47.2,,
,,,
,,,
,,,
47.3,,
,,,
,,,
,,,
47.4,,
,,,
,,,
,,,
47.5,,
,,,
,,,
,,,
47.6,,
,,,
,,,
,,,
47.7,,
,,,
,,,
,,,
47.8,,
,,,
,,,
,,,
47.9,,
,,,
,,,
,,,
48.0,,
,,,
,,,
,,,
48.1,,
,,,
,,,
,,,
48.2,,
,,,
,,,
,,,
48.3,,
,,,
,,,
,,,
48.4,,
,,,
,,,
,,,
48.5,,
,,,
,,,
,,,
48.6,,
,,,
,,,
,,,
48.7,,
,,,
,,,
,,,
48.8,,
,,,
,,,
,,,
48.9,,
,,,
,,,
,,,
49.0,,
,,,
,,,
,,,
49.1,,
,,,
,,,
,,,
49.2,,
,,,
,,,
,,,
49.3,,
,,,
,,,
,,,
49.4,,
,,,
,,,
,,,
49.5,,
,,,
,,,
,,,
49.6,,
,,,
,,,
,,,
49.7,,
,,,
,,,
,,,
49.8,,
,,,
,,,
,,,
49.9,,
,,,
,,,
,,,
50.0,,
,,,
,,,
,,,
50.1,,
,,,
,,,
,,,
50.2,,
,,,
,,,
,,,
50.3,,
,,,
,,,
,,,
50.4,,
,,,
,,,
,,,
50.5,,
,,,
,,,
,,,
50.6,,
,,,
,,,
,,,
50.7,,
,,,
,,,
,,,
50.8,,
,,,
,,,
,,,
50.9,,
,,,
,,,
,,,
51.0,,
,,,
,,,
,,,
51.1,,
,,,
,,,
,,,
51.2,,
,,,
,,,
,,,
51.3,,
,,,
,,,
,,,
51.4,,
,,,
,,,
,,,
51.5,,
,,,
,,,
,,,
51.6,,
,,,
,,,
,,,
51.7,,
,,,
,,,
,,,
51.8,,
,,,
,,,
,,,
51.9,,
,,,
,,,
,,,
52.0,,
,,,
,,,
,,,
52.1,,
,,,
,,,
,,,
52.2,,
,,,
,,,
,,,
52.3,,
,,,
,,,
,,,
52.4,,
,,,
,,,
,,,
52.5,,
,,,
,,,
,,,
52.6,,
,,,
,,,
,,,
52.7,,
,,,
,,,
,,,
52.8,,
,,,
,,,
,,,
52.9,,
,,,
,,,
,,,
53.0,,
,,,
,,,
,,,
53.1,,
,,,
,,,
,,,
53.2,,
,,,
,,,
,,,
53.3,,
,,,
,,,
,,,
53.4,,
,,,
,,,
,,,
53.5,,
,,,
,,,
,,,
53.6,,
,,,
,,,
,,,
53.7,,
,,,
,,,
,,,
53.8,,
,,,
,,,
,,,
53.9,,
,,,
,,,
,,,
54.0,,
,,,
,,,
,,,
54.1,,
,,,
,,,
,,,
54.2,,
,,,
,,,
,,,
54.3,,
,,,
,,,
,,,
54.4,,
,,,
,,,
,,,
54.5,,
,,,
,,,
,,,
54.6,,
,,,
,,,
,,,
54.7,,
,,,
,,,
,,,
54.8,,
,,,
,,,
,,,
54.9,,
,,,
,,,
,,,
55.0,,
,,,
,,,
,,,
55.1,,
,,,
,,,
,,,
55.2,,
,,,
,,,
,,,
55.3,,
,,,
,,,
,,,
55.4,,
,,,
,,,
,,,
55.5,,
,,,
,,,
,,,
55.6,,
,,,
,,,
,,,
55.7,,
,,,
,,,
,,,
55.8,,
,,,
,,,
,,,
55.9,,
,,,
,,,
,,,
56.0,,
,,,
,,,
,,,
56.1,,
,,,
,,,
,,,
56.2,,
,,,
,,,
,,,
56.3,,
,,,
,,,
,,,
56.4,,
,,,
,,,
,,,
56.5,,
,,,
,,,
,,,
56.6,,
,,,
,,,
,,,
56.7,,
,,,
,,,
,,,
56.8,,
,,,
,,,
,,,
56.9,,
,,,
,,,
,,,
57.0,,
,,,
,,,
,,,
57.1,,
,,,
,,,
,,,
57.2,,
,,,
,,,
,,,
57.3,,
,,,
,,,
,,,
57.4,,
,,,
,,,
,,,
57.5,,
,,,
,,,
,,,
57.6,,
,,,
,,,
,,,
57.7,,
,,,
,,,
,,,
57.8,,
,,,
,,,
,,,
57.9,,
,,,
,,,
,,,
58.0,,
,,,
,,,
,,,
58.1,,
,,,
,,,
,,,
58.2,,
,,,
,,,
,,,
58.3,,
,,,
,,,
,,,
58.4,,
,,,
,,,
,,,
58.5,,
,,,
,,,
,,,
58.6,,
,,,
,,,
,,,
58.7,,
,,,
,,,
,,,
58.8,,
,,,
,,,
,,,
58.9,,
,,,
,,,
,,,
59.0,,
,,,
,,,
,,,
59.1,,
,,,
,,,
,,,
59.2,,
,,,
,,,
,,,
59.3,,
,,,
,,,
,,,
59.4,,
,,,
,,,
,,,
59.5,,
,,,
,,,
,,,
59.6,,
,,,
,,,
,,,
59.7,,
,,,
,,,
,,,
59.8,,
,,,
,,,
,,,
59.9,,
,,,
,,,
,,,
60.0,,
,,,
,,,
,,,
60.1,,
,,,
,,,
,,,
60.2,,
,,,
,,,
,,,
60.3,,
,,,
,,,
,,,
60.4,,
,,,
,,,
,,,
60.5,,
,,,
,,,
,,,
60.6,,
,,,
,,,
,,,
60.7,,
,,,
,,,
,,,
60.8,,
,,,
,,,
,,,
60.9,,
,,,
,,,
,,,
61.0,,
,,,
,,,
,,,
61.1,,
,,,
,,,
,,,
61.2,,
,,,
,,,
,,,
61.3,,
,,,
,,,
,,,
61.4,,
,,,
,,,
,,,
61.5,,
,,,
,,,
,,,
61.6,,
,,,
,,,
,,,
61.7,,
,,,
,,,
,,,
61.8,,
,,,
,,,
,,,
61.9,,
,,,
,,,
,,,
62.0,,
,,,
,,,
,,,
62.1,,
,,,
,,,
,,,
62.2,,
,,,
,,,
,,,
62.3,,
,,,
,,,
,,,
62.4,,
,,,
,,,
,,,
62.5,,
,,,
,,,
,,,
62.6,,
,,,
,,,
,,,
62.7,,
,,,
,,,
,,,
62.8,,
,,,
,,,
,,,
62.9,,
,,,
,,,
,,,
63.0,,
,,,
,,,
,,,
63.1,,
,,,
,,,
,,,
63.2,,
,,,
,,,
,,,
63.3,,
,,,
,,,
,,,
63.4,,
,,,
,,,
,,,
63.5,,
,,,
,,,
,,,
63.6,,
,,,
,,,
,,,
63.7,,
,,,
,,,
,,,
63.8,,
,,,
,,,
,,,
63.9,,
,,,
,,,
,,,
64.0,,
,,,
,,,
,,,
64.1,,
,,,
,,,
,,,
64.2,,
,,,
,,,
,,,
64.3,,
,,,
,,,
,,,
64.4,,
,,,
,,,
,,,
64.5,,
,,,
,,,
,,,
64.6,,
,,,
,,,
,,,
64.7,,
,,,
,,,
,,,
64.8,,
,,,
,,,
,,,
64.9,,
,,,
,,,
,,,
65.0,,
,,,
,,,
,,,
65.1,,
,,,
,,,
,,,
65.2,,
,,,
,,,
,,,
65.3,,
,,,
,,,
,,,
65.4,,
,,,
,,,
,,,
65.5,,
,,,
,,,
,,,
65.6,,
,,,
,,,
,,,
65.7,,
,,,
,,,
,,,
65.8,,
,,,
,,,
,,,
65.9,,
,,,
,,,
,,,
66.0,,
,,,
,,,
,,,
66.1,,
,,,
,,,
,,,
66.2,,
,,,
,,,
,,,
66.3,,
,,,
,,,
,,,
66.4,,
,,,
,,,
,,,
66.5,,
,,,
,,,
,,,
66.6,,
,,,
,,,
,,,
66.7,,
,,,
,,,
,,,
66.8,,
,,,
,,,
,,,
66.9,,
,,,
,,,
,,,
67.0,,
,,,
,,,
,,,
67.1,,
,,,
,,,
,,,
67.2,,
,,,
,,,
,,,
67.3,,
,,,
,,,
,,,
67.4,,
,,,
,,,
,,,
67.5,,
,,,
,,,
,,,
67.6,,
,,,
,,,
,,,
67.7,,
,,,
,,,
,,,
67.8,,
,,,
,,,
,,,
67.9,,
,,,
,,,
,,,
68.0,,
,,,
,,,
,,,
68.1,,
,,,
,,,
,,,
68.2,,
,,,
,,,
,,,
68.3,,
,,,
,,,
,,,
68.4,,
,,,
,,,
,,,
68.5,,
,,,
,,,
,,,
68.6,,
,,,
,,,
,,,
68.7,,
,,,
,,,
,,,
68.8,,
,,,
,,,
,,,
68.9,,
,,,
,,,
,,,
69.0,,
,,,
,,,
,,,
69.1,,
,,,
,,,
,,,
69.2,,
,,,
,,,
,,,
69.3,,
,,,
,,,
,,,
69.4,,
,,,
,,,
,,,
69.5,,
,,,
,,,
,,,
69.6,,
,,,
,,,
,,,
69.7,,
,,,
,,,
,,,
69.8,,
,,,
,,,
,,,
69.9,,
,,,
,,,
,,,
70.0,,
,,,
,,,
,,,
70.1,,
,,,
,,,
,,,
70.2,,
,,,
,,,
,,,
70.3,,
,,,
,,,
,,,
70.4,,
,,,
,,,
,,,
70.5,,
,,,
,,,
,,,
70.6,,
,,,
,,,
,,,
70.7,,
,,,
,,,
,,,
70.8,,
,,,
,,,
,,,
70.9,,
,,,
,,,
,,,
71.0,,
,,,
,,,
,,,
71.1,,
,,,
,,,
,,,
71.2,,
,,,
,,,
,,,
71.3,,
,,,
,,,
,,,
71.4,,
,,,
,,,
,,,
71.5,,
,,,
,,,
,,,
71.6,,
,,,
,,,
,,,
71.7,,
,,,
,,,
,,,
71.8,,
,,,
,,,
,,,
71.9,,
,,,
,,,
,,,
72.0,,
,,,
,,,
,,,
72.1,,
,,,
,,,
,,,
72.2,,
,,,
,,,
,,,
72.3,,
,,,
,,,
,,,
72.4,,
,,,
,,,
,,,
72.5,,
,,,
,,,
,,,
72.6,,
,,,
,,,
,,,
72.7,,
,,,
,,,
,,,
72.8,,
,,,
,,,
,,,
72.9,,
,,,
,,,
,,,
73.0,,
,,,
,,,
,,,
73.1,,
,,,
,,,
,,,
73.2,,
,,,
,,,
,,,
73.3,,
,,,
,,,
,,,
73.4,,
,,,
,,,
,,,
73.5,,
,,,
,,,
,,,
73.6,,
,,,
,,,
,,,
73.7,,
,,,
,,,
,,,
73.8,,
,,,
,,,
,,,
73.9,,
,,,
,,,
,,,
74.0,,
,,,
,,,
,,,
74.1,,
,,,
,,,
,,,
74.2,,
,,,
,,,
,,,
74.3,,
,,,
,,,
,,,
74.4,,
,,,
,,,
,,,
74.5,,
,,,
,,,
,,,
74.6,,
,,,
,,,
,,,
74.7,,
,,,
,,,
,,,
74.8,,
,,,
,,,
,,,
74.9,,
,,,
,,,
,,,
75.0,,
,,,
,,,
,,,
75.1,,
,,,
,,,
,,,
75.2,,
,,,
,,,
,,,
75.3,,
,,,
,,,
,,,
75.4,,
,,,
,,,
,,,
75.5,,
,,,
,,,
,,,
75.6,,
,,,
,,,
,,,
75.7,,
,,,
,,,
,,,
75.8,,
,,,
,,,
,,,
75.9,,
,,,
,,,
,,,
76.0,,
,,,
,,,
,,,
76.1,,
,,,
,,,
,,,
76.2,,
,,,
,,,
,,,
76.3,,
,,,
,,,
,,,
76.4,,
,,,
,,,
,,,
76.5,,
,,,
,,,
,,,
76.6,,
,,,
,,,
,,,
76.7,,
,,,
,,,
,,,
76.8,,
,,,
,,,
,,,
76.9,,
,,,
,,,
,,,
77.0,,
,,,
,,,
,,,
77.1,,
,,,
,,,
,,,
77.2,,
,,,
,,,
,,,
77.3,,
,,,
,,,
,,,
77.4,,
,,,
,,,
,,,
77.5,,
,,,
,,,
,,,
77.6,,
,,,
,,,
,,,
77.7,,
,,,
,,,
,,,
77.8,,
,,,
,,,
,,,
77.9,,
,,,
,,,
,,,
78.0,,
,,,
,,,
,,,
78.1,,
,,,
,,,
,,,
78.2,,
,,,
,,,
,,,
78.3,,
,,,
,,,
,,,
78.4,,
,,,
,,,
,,,
78.5,,
,,,
,,,
,,,
78.6,,
,,,
,,,
,,,
78.7,,
,,,
,,,
,,,
78.8,,
,,,
,,,
,,,
78.9,,
,,,
,,,
,,,
79.0,,
,,,
,,,
,,,
79.1,,
,,,
,,,
,,,
79.2,,
,,,
,,,
,,,
79.3,,
,,,
,,,
,,,
79.4,,
,,,
,,,
,,,
79.5,,
,,,
,,,
,,,
79.6,,
,,,
,,,
,,,
79.7,,
,,,
,,,
,,,
79.8,,
,,,
,,,
,,,
79.9,,
,,,
,,,
,,,
80.0,,
,,,
,,,
,,,
80.1,,
,,,
,,,
,,,
80.2,,
,,,
,,,
,,,
80.3,,
,,,
,,,
,,,
80.4,,
,,,
,,,
,,,
80.5,,
,,,
,,,
,,,
80.6,,
,,,
,,,
,,,
80.7,,
,,,
,,,
,,,
80.8,,
,,,
,,,
,,,
80.9,,
,,,
,,,
,,,
81.0,,
,,,
,,,
,,,
81.1,,
,,,
,,,
,,,
81.2,,
,,,
,,,
,,,
81.3,,
,,,
,,,
,,,
81.4,,
,,,
,,,
,,,
81.5,,
,,,
,,,
,,,
81.6,,
,,,
,,,
,,,
81.7,,
,,,
,,,
,,,
81.8,,
,,,
,,,
,,,
81.9,,
,,,
,,,
,,,
82.0,,
,,,
,,,
,,,
82.1,,
,,,
,,,
,,,
82.2,,
,,,
,,,
,,,
82.3,,
,,,
,,,
,,,
82.4,,
,,,
,,,
,,,
82.5,,
,,,
,,,
,,,
82.6,,
,,,
,,,
,,,
82.7,,
,,,
,,,
,,,
82.8,,
,,,
,,,
,,,
82.9,,
,,,
,,,
,,,
83.0,,
,,,
,,,
,,,
83.1,,
,,,
,,,
,,,
83.2,,
,,,
,,,
,,,
83.3,,
,,,
,,,
,,,
83.4,,
,,,
,,,
,,,
83.5,,
,,,
,,,
,,,
83.6,,
,,,
,,,
,,,
83.7,,
,,,
,,,
,,,
83.8,,
,,,
,,,
,,,
83.9,,
,,,
,,,
,,,
84.0,,
,,,
,,,
,,,
84.1,,
,,,
,,,
,,,
84.2,,
,,,
,,,
,,,
84.3,,
,,,
,,,
,,,
84.4,,
,,,
,,,
,,,
84.5,,
,,,
,,,
,,,
84.6,,
,,,
,,,
,,,
84.7,,
,,,
,,,
,,,
84.8,,
,,,
,,,
,,,
84.9,,
,,,
,,,
,,,
85.0,,
,,,
,,,
,,,
85.1,,
,,,
,,,
,,,
85.2,,
,,,
,,,
,,,
85.3,,
,,,
,,,
,,,
85.4,,
,,,
,,,
,,,
85.5,,
,,,
,,,
,,,
85.6,,
,,,
,,,
,,,
85.7,,
,,,
,,,
,,,
85.8,,
,,,
,,,
,,,
85.9,,
,,,
,,,
,,,
86.0,,
,,,
,,,
,,,
86.1,,
,,,
,,,
,,,
86.2,,
,,,
,,,
,,,
86.3,,
,,,
,,,
,,,
86.4,,
,,,
,,,
,,,
86.5,,
,,,
,,,
,,,
86.6,,
,,,
,,,
,,,
86.7,,
,,,
,,,
,,,
86.8,,
,,,
,,,
,,,
86.9,,
,,,
,,,
,,,
87.0,,
,,,
,,,
,,,
87.1,,
,,,
,,,
,,,
87.2,,
,,,
,,,
,,,
87.3,,
,,,
,,,
,,,
87.4,,
,,,
,,,
,,,
87.5,,
,,,
,,,
,,,
87.6,,
,,,
,,,
,,,
87.7,,
,,,
,,,
,,,
87.8,,
,,,
,,,
,,,
87.9,,
,,,
,,,
,,,
88.0,,
,,,
,,,
,,,
88.1,,
,,,
,,,
,,,
88.2,,
,,,
,,,
,,,
88.3,,
,,,
,,,
,,,
88.4,,
,,,
,,,
,,,
88.5,,
,,,
,,,
,,,
88.6,,
,,,
,,,
,,,
88.7,,
,,,
,,,
,,,
88.8,,
,,,
,,,
,,,
88.9,,
,,,
,,,
,,,
89.0,,
,,,
,,,
,,,
89.1,,
,,,
,,,
,,,
89.2,,
,,,
,,,
,,,
89.3,,
,,,
,,,
,,,
89.4,,
,,,
,,,
,,,
89.5,,
,,,
,,,
,,,
89.6,,
,,,
,,,
,,,
89.7,,
,,,
,,,
,,,
89.8,,
,,,
,,,
,,,
89.9,,
,,,
,,,
,,,
90.0,,
,,,
,,,
,,,
90.1,,
,,,
,,,
,,,
90.2,,
,,,
,,,
,,,
90.3,,
,,,
,,,
,,,
90.4,,
,,,
,,,
,,,
90.5,,
,,,
,,,
,,,
90.6,,
,,,
,,,
,,,
90.7,,
,,,
,,,
,,,
90.8,,
,,,
,,,
,,,
90.9,,
,,,
,,,
,,,
91.0,,
,,,
,,,
,,,
91.1,,
,,,
,,,
,,,
91.2,,
,,,
,,,
,,,
91.3,,
,,,
,,,
,,,
91.4,,
,,,
,,,
,,,
91.5,,
,,,
,,,
,,,
91.6,,
,,,
,,,
,,,
91.7,,
,,,
,,,
,,,
91.8,,
,,,
,,,
,,,
91.9,,
,,,
,,,
,,,
92.0,,
,,,
,,,
,,,
92.1,,
,,,
,,,
,,,
92.2,,
,,,
,,,
,,,
92.3,,
,,,
,,,
,,,
92.4,,
,,,
,,,
,,,
92.5,,
,,,
,,,
,,,
92.6,,
,,,
,,,
,,,
92.7,,
,,,
,,,
,,,
92.8,,
,,,
,,,
,,,
92.9,,
,,,
,,,
,,,
93.0,,
,,,
,,,
,,,
93.1,,
,,,
,,,
,,,
93.2,,
,,,
,,,
,,,
93.3,,
,,,
,,,
,,,
93.4,,
,,,
,,,
,,,
93.5,,
,,,
,,,
,,,
93.6,,
,,,
,,,
,,,
93.7,,
,,,
,,,
,,,
93.8,,
,,,
,,,
,,,
93.9,,
,,,
,,,
,,,
94.0,,
,,,
,,,
,,,
94.1,,
,,,
,,,
,,,
94.2,,
,,,
,,,
,,,
94.3,,
,,,
,,,
,,,
94.4,,
,,,
,,,
,,,
94.5,,
,,,
,,,
,,,
94.6,,
,,,
,,,
,,,
94.7,,
,,,
,,,
,,,
94.8,,
,,,
,,,
,,,
94.9,,
,,,
,,,
,,,
95.0,,
,,,
,,,
,,,
95.1,,
,,,
,,,
,,,
95.2,,
,,,
,,,
,,,
95.3,,
,,,
,,,
,,,
95.4,,
,,,
,,,
,,,
95.5,,
,,,
,,,
,,,
95.6,,
,,,
,,,
,,,
95.7,,
,,,
,,,
,,,
95.8,,
,,,
,,,
,,,
95.9,,
,,,
,,,
,,,
96.0,,
,,,
,,,
,,,
96.1,,
,,,
,,,
,,,
96.2,,
,,,
,,,
,,,
96.3,,
,,,
,,,
,,,
96.4,,
,,,
,,,
,,,
96.5,,
,,,
,,,
,,,
96.6,,
,,,
,,,
,,,
96.7,,
,,,
,,,
,,,
96.8,,
,,,
,,,
,,,
96.9,,
,,,
,,,
,,,
97.0,,
,,,
,,,
,,,
97.1,,
,,,
,,,
,,,
97.2,,
,,,
,,,
,,,
97.3,,
,,,
,,,
,,,
97.4,,
,,,
,,,
,,,
97.5,,
,,,
,,,
,,,
97.6,,
,,,
,,,
,,,
97.7,,
,,,
,,,
,,,
97.8,,
,,,
,,,
,,,
97.9,,
,,,
,,,
,,,
98.0,,
,,,
,,,
,,,
98.1,,
,,,
,,,
,,,
98.2,,
,,,
,,,
,,,
98.3,,
,,,
,,,
,,,
98.4,,
,,,
,,,
,,,
98.5,,
,,,
,,,
,,,
98.6,,
,,,
,,,
,,,
98.7,,
,,,
,,,
,,,
98.8,,
,,,
,,,
,,,
98.9,,
,,,
,,,
,,,
99.0,,
,,,
,,,
,,,
99.1,,
,,,
,,,
,,,
99.2,,
,,,
,,,
,,,
99.3,,
,,,
,,,
,,,
99.4,,
,,,
,,,
,,,
99.5,,
,,,
,,,
,,,
99.6,,
,,,
,,,
,,,
99.7,,
,,,
,,,
,,,
99.8,,
,,,
,,,
,,,
99.9,,
,,,
,,,
,,,
100.0,,
,,,
,,,
,,,
100.1,,
,,,
,,,
,,,
100.2,,
,,,
,,,
,,,
100.3,,
,,,
,,,
,,,
100.4,,
,,,
,,,
,,,
100.5,,
,,,
,,,
,,,
100.6,,
,,,
,,,
,,,
100.7,,
,,,
,,,
,,,
100.8,,
,,,
,,,
,,,
100.9,,
,,,
,,,
,,,
101.0,,
,,,
,,,
,,,
101.1,,
,,,
,,,
,,,
101.2,,
,,,
,,,
,,,
101.3,,
,,,
,,,
,,,
101.4,,
,,,
,,,
,,,
101.5,,
,,,
,,,
,,,
101.6,,
,,,
,,,
,,,
101.7,,
,,,
,,,
,,,
101.8,,
,,,
,,,
,,,
101.9,,
,,,
,,,
,,,
102.0,,
,,,
,,,
,,,
102.1,,
,,,
,,,
,,,
102.2,,
,,,
,,,
,,,
102.3,,
,,,
,,,
,,,
102.4,,
,,,
,,,
,,,
102.5,,
,,,
,,,
,,,
102.6,,
,,,
,,,
,,,
102.7,,
,,,
,,,
,,,
102.8,,
,,,
,,,
,,,
102.9,,
,,,
,,,
,,,
103.0,,
,,,
,,,
,,,
103.1,,
,,,
,,,
,,,
103.2,,
,,,
,,,
,,,
103.3,,
,,,
,,,
,,,
103.4,,
,,,
,,,
,,,
103.5,,
,,,
,,,
,,,
103.6,,
,,,
,,,
,,,
103.7,,
,,,
,,,
,,,
103.8,,
,,,
,,,
,,,
103.9,,
,,,
,,,
,,,
104.0,,
,,,
,,,
,,,
104.1,,
,,,
,,,
,,,
104.2,,
,,,
,,,
,,,
104.3,,
,,,
,,,
,,,
104.4,,
,,,
,,,
,,,
104.5,,
,,,
,,,
,,,
104.6,,
,,,
,,,
,,,
104.7,,
,,,
,,,
,,,
104.8,,
,,,
,,,
,,,
104.9,,
,,,
,,,
,,,
105.0,,
,,,
,,,
,,,
105.1,,
,,,
,,,
,,,
105.2,,
,,,
,,,
,,,
105.3,,
,,,
,,,
,,,
105.4,,
,,,
,,,
,,,
105.5,,
,,,
,,,
,,,
105.6,,
,,,
,,,
,,,
105.7,,
,,,
,,,
,,,
105.8,,
,,,
,,,
,,,
105.9,,
,,,
,,,
,,,
106.0,,
,,,
,,,
,,,
106.1,,
,,,
,,,
,,,
106.2,,
,,,
,,,
,,,
106.3,,
,,,
,,,
,,,
106.4,,
,,,
,,,
,,,
106.5,,
,,,
,,,
,,,
106.6,,
,,,
,,,
,,,
106.7,,
,,,
,,,
,,,
106.8,,
,,,
,,,
,,,
106.9,,
,,,
,,,
,,,
107.0,,
,,,
,,,
,,,
107.1,,
,,,
,,,
,,,
107.2,,
,,,
,,,
,,,
107.3,,
,,,
,,,
,,,
107.4,,
,,,
,,,
,,,
107.5,,
,,,
,,,
,,,
107.6,,
,,,
,,,
,,,
107.7,,
,,,
,,,
,,,
107.8,,
,,,
,,,
,,,
107.9,,
,,,
,,,
,,,
108.0,,
,,,
,,,
,,,
108.1,,
,,,
,,,
,,,
108.2,,
,,,
,,,
,,,
108.3,,
,,,
,,,
,,,
108.4,,
,,,
,,,
,,,
108.5,,
,,,
,,,
,,,
108.6,,
,,,
,,,
,,,
108.7,,
,,,
,,,
,,,
108.8,,
,,,
,,,
,,,
108.9,,
,,,
,,,
,,,
109.0,,
,,,
,,,
,,,
109.1,,
,,,
,,,
,,,
109.2,,
,,,
,,,
,,,
109.3,,
,,,
,,,
,,,
109.4,,
,,,
,,,
,,,
109.5,,
,,,
,,,
,,,
109.6,,
,,,
,,,
,,,
109.7,,
,,,
,,,
,,,
109.8,,
,,,
,,,
,,,
109.9,,
,,,
,,,
,,,
110.0,,
,,,
,,,
,,,
110.1,,
,,,
,,,
,,,
110.2,,
,,,
,,,
,,,
110.3,,
,,,
,,,
,,,
110.4,,
,,,
,,,
,,,
110.5,,
,,,
,,,
,,,
110.6,,
,,,
,,,
,,,
110.7,,
,,,
,,,
,,,
110.8,,
,,,
,,,
,,,
110.9,,
,,,
,,,
,,,
111.0,,
,,,
,,,
,,,
111.1,,
,,,
,,,
,,,
111.2,,
,,,
,,,
,,,
111.3,,
,,,
,,,
,,,
111.4,,
,,,
,,,
,,,
111.5,,
,,,
,,,
,,,
111.6,,
,,,
,,,
,,,
111.7,,
,,,
,,,
,,,
111.8,,
,,,
,,,
,,,
111.9,,
,,,
,,,
,,,
112.0,,
,,,
,,,
,,,
112.1,,
,,,
,,,
,,,
112.2,,
,,,
,,,
,,,
112.3,,
,,,
,,,
,,,
112.4,,
,,,
,,,
,,,
112.5,,
,,,
,,,
,,,
112.6,,
,,,
,,,
,,,
112.7,,
,,,
,,,
,,,
112.8,,
,,,
,,,
,,,
112.9,,
,,,
,,,
,,,
113.0,,
,,,
,,,
,,,
113.1,,
,,,
,,,
,,,
113.2,,
,,,
,,,
,,,
113.3,,
,,,
,,,
,,,
113.4,,
,,,
,,,
,,,
113.5,,
,,,
,,,
,,,
113.6,,
,,,
,,,
,,,
113.7,,
,,,
,,,
,,,
113.8,,
,,,
,,,
,,,
113.9,,
,,,
,,,
,,,
114.0,,
,,,
,,,
,,,
114.1,,
,,,
,,,
,,,
114.2,,
,,,
,,,
,,,
114.3,,
,,,
,,,
,,,
114.4,,
,,,
,,,
,,,
114.5,,
,,,
,,,
,,,
114.6,,
,,,
,,,
,,,
114.7,,
,,,
,,,
,,,
114.8,,
,,,
,,,
,,,
114.9,,
,,,
,,,
,,,
115.0,,
,,,
,,,
,,,
115.1,,
,,,
,,,
,,,
115.2,,
,,,
,,,
,,,
115.3,,
,,,
,,,
,,,
115.4,,
,,,
,,,
,,,
115.5,,
,,,
,,,
,,,
115.6,,
,,,
,,,
,,,
115.7,,
,,,
,,,
,,,
115.8,,
,,,
,,,
,,,
115.9,,
,,,
,,,
,,,
116.0,,
,,,
,,,
,,,
116.1,,
,,,
,,,
,,,
116.2,,
,,,
,,,
,,,
116.3,,
,,,
,,,
,,,
116.4,,
,,,
,,,
,,,
116.5,,
,,,
,,,
,,,
116.6,,
,,,
,,,
,,,
116.7,,
,,,
,,,
,,,
116.8,,
,,,
,,,
,,,
116.9,,
,,,
,,,
,,,
117.0,,
,,,
,,,
,,,
117.1,,
,,,
,,,
,,,
117.2,,
,,,
,,,
,,,
117.3,,
,,,
,,,
,,,
117.4,,
,,,
,,,
,,,
117.5,,
,,,
,,,
,,,
117.6,,
,,,
,,,
,,,
117.7,,
,,,
,,,
,,,
117.8,,
,,,
,,,
,,,
117.9,,
,,,
,,,
,,,
118.0,,
,,,
,,,
,,,
118.1,,
,,,
,,,
,,,
118.2,,
,,,
,,,
,,,
118.3,,
,,,
,,,
,,,
118.4,,
,,,
,,,
,,,
118.5,,
,,,
,,,
,,,
118.6,,
,,,
,,,
,,,
118.7,,
,,,
,,,
,,,
118.8,,
,,,
,,,
,,,
118.9,,
,,,
,,,
,,,
119.0,,
,,,
,,,
,,,
119.1,,
,,,
,,,
,,,
119.2,,
,,,
,,,
,,,
119.3,,
,,,
,,,
,,,
119.4,,
,,,
,,,
,,,
119.5,,
,,,
,,,
,,,
119.6,,
,,,
,,,
,,,
119.7,,
,,,
,,,
,,,
119.8,,
,,,
,,,
,,,
119.9,,
,,,
,,,
,,,
120.0,,
,,,
,,,
,,,
120.1,,
,,,
,,,
,,,
120.2,,
,,,
,,,
,,,
120.3,,
,,,
,,,
,,,
120.4,,
,,,
,,,
,,,
120.5,,
,,,
,,,
,,,
120.6,,
,,,
,,,
,,,
120.7,,
,,,
,,,
,,,
120.8,,
,,,
,,,
,,,
120.9,,
,,,
,,,
,,,
121.0,,
,,,
,,,
,,,
121.1,,
,,,
,,,
,,,
121.2,,
,,,
,,,
,,,
121.3,,
,,,
,,,
,,,
121.4,,
,,,
,,,
,,,
121.5,,
,,,
,,,
,,,
121.6,,
,,,
,,,
,,,
121.7,,
,,,
,,,
,,,
121.8,,
,,,
,,,
,,,
121.9,,
,,,
,,,
,,,
122.0,,
,,,
,,,
,,,
122.1,,
,,,
,,,
,,,
122.2,,
,,,
,,,
,,,
122.3,,
,,,
,,,
,,,
122.4,,
,,,
,,,
,,,
122.5,,
,,,
,,,
,,,
122.6,,
,,,
,,,
,,,
122.7,,
,,,
,,,
,,,
122.8,,
,,,
,,,
,,,
122.9,,
,,,
,,,
,,,
123.0,,
,,,
,,,
,,,
123.1,,
,,,
,,,
,,,
123.2,,
,,,
,,,
,,,
123.3,,
,,,
,,,
,,,
123.4,,
,,,
,,,
,,,
123.5,,
,,,
,,,
,,,
123.6,,
,,,
,,,
,,,
123.7,,
,,,
,,,
,,,
123.8,,
,,,
,,,
,,,
123.9,,
,,,
,,,
,,,
124.0,,
,,,
,,,
,,,
124.1,,
,,,
,,,
,,,
124.2,,
,,,
,,,
,,,
124.3,,
,,,
,,,
,,,
124.4,,
,,,
,,,
,,,
124.5,,
,,,
,,,
,,,
124.6,,
,,,
,,,
,,,
124.7,,
,,,
,,,
,,,
124.8,,
,,,
,,,
,,,
124.9,,
,,,
,,,
,,,
125.0,,
,,,
,,,
,,,
125.1,,
,,,
,,,
,,,
125.2,,
,,,
,,,
,,,
125.3,,
,,,
,,,
,,,
125.4,,
,,,
,,,
,,,
125.5,,
,,,
,,,
,,,
125.6,,
,,,
,,,
,,,
125.7,,
,,,
,,,
,,,
125.8,,
,,,
,,,
,,,
125.9,,
,,,
,,,
,,,
126.0,,
,,,
,,,
,,,
126.1,,
,,,
,,,
,,,
126.2,,
,,,
,,,
,,,
126.3,,
,,,
,,,
,,,
126.4,,
,,,
,,,
,,,
126.5,,
,,,
,,,
,,,
126.6,,
,,,
,,,
,,,
126.7,,
,,,
,,,
,,,
126.8,,
,,,
,,,
,,,
126.9,,
,,,
,,,
,,,
127.0,,
,,,
,,,
,,,
127.1,,
,,,
,,,
,,,
127.2,,
,,,
,,,
,,,
127.3,,
,,,
,,,
,,,
127.4,,
,,,
,,,
,,,
127.5,,
,,,
,,,
,,,
127.6,,
,,,
,,,
,,,
127.7,,
,,,
,,,
,,,
127.8,,
,,,
,,,
,,,
127.9,,
,,,
,,,
,,,
128.0,,
,,,
,,,
,,,
128.1,,
,,,
,,,
,,,
128.2,,
,,,
,,,
,,,
128.3,,
,,,
,,,
,,,
128.4,,
,,,
,,,
,,,
128.5,,
,,,
,,,
,,,
128.6,,
,,,
,,,
,,,
128.7,,
,,,
,,,
,,,
128.8,,
,,,
,,,
,,,
128.9,,
,,,
,,,
,,,
129.0,,
,,,
,,,
,,,
129.1,,
,,,
,,,
,,,
129.2,,
,,,
,,,
,,,
129.3,,
,,,
,,,
,,,
129.4,,
,,,
,,,
,,,
129.5,,
,,,
,,,
,,,
129.6,,
,,,
,,,
,,,
129.7,,
,,,
,,,
,,,
129.8,,
,,,
,,,
,,,
129.9,,
,,,
,,,
,,,
130.0,,
,,,
,,,
,,,
130.1,,
,,,
,,,
,,,
130.2,,
,,,
,,,
,,,
130.3,,
,,,
,,,
,,,
130.4,,
,,,
,,,
,,,
130.5,,
,,,
,,,
,,,
130.6,,
,,,
,,,
,,,
130.7,,
,,,
,,,
,,,
130.8,,
,,,
,,,
,,,
130.9,,
,,,
,,,
,,,
131.0,,
,,,
,,,
,,,
131.1,,
,,,
,,,
,,,
131.2,,
,,,
,,,
,,,
131.3,,
,,,
,,,
,,,
131.4,,
,,,
,,,
,,,
131.5,,
,,,
,,,
,,,
131.6,,
,,,
,,,
,,,
131.7,,
,,,
,,,
,,,
131.8,,
,,,
,,,
,,,
131.9,,
,,,
,,,
,,,
132.0,,
,,,
,,,
,,,
132.1,,
,,,
,,,
,,,
132.2,,
,,,
,,,
,,,
132.3,,
,,,
,,,
,,,
132.4,,
,,,
,,,
,,,
132.5,,
,,,
,,,
,,,
132.6,,
,,,
,,,
,,,
132.7,,
,,,
,,,
,,,
132.8,,
,,,
,,,
,,,
132.9,,
,,,
,,,
,,,
133.0,,
,,,
,,,
,,,
133.1,,
,,,
,,,
,,,
133.2,,
,,,
,,,
,,,
133.3,,
,,,
,,,
,,,
133.4,,
,,,
,,,
,,,
133.5,,
,,,
,,,
,,,
133.6,,
,,,
,,,
,,,
133.7,,
,,,
,,,
,,,
133.8,,
,,,
,,,
,,,
133.9,,
,,,
,,,
,,,
134.0,,
,,,
,,,
,,,
134.1,,
,,,
,,,
,,,
134.2,,
,,,
,,,
,,,
134.3,,
,,,
,,,
,,,
134.4,,
,,,
,,,
,,,
134.5,,
,,,
,,,
,,,
134.6,,
,,,
,,,
,,,
134.7,,
,,,
,,,
,,,
134.8,,
,,,
,,,
,,,
134.9,,
,,,
,,,
,,,
135.0,,
,,,
,,,
,,,
135.1,,
,,,
,,,
,,,
135.2,,
,,,
,,,
,,,
135.3,,
,,,
,,,
,,,
135.4,,
,,,
,,,
,,,
135.5,,
,,,
,,,
,,,
135.6,,
,,,
,,,
,,,
135.7,,
,,,
,,,
,,,
135.8,,
,,,
,,,
,,,
135.9,,
,,,
,,,
,,,
136.0,,
,,,
,,,
,,,
136.1,,
,,,
,,,
,,,
136.2,,
,,,
,,,
,,,
136.3,,
,,,
,,,
,,,
136.4,,
,,,
,,,
,,,
136.5,,
,,,
,,,
,,,
136.6,,
,,,
,,,
,,,
136.7,,
,,,
,,,
,,,
136.8,,
,,,
,,,
,,,
136.9,,
,,,
,,,
,,,
137.0,,
,,,
,,,
,,,
137.1,,
,,,
,,,
,,,
137.2,,
,,,
,,,
,,,
137.3,,
,,,
,,,
,,,
137.4,,
,,,
,,,
,,,
137.5,,
,,,
,,,
,,,
137.6,,
,,,
,,,
,,,
137.7,,
,,,
,,,
,,,
137.8,,
,,,
,,,
,,,
137.9,,
,,,
,,,
,,,
138.0,,
,,,
,,,
,,,
138.1,,
,,,
,,,
,,,
138.2,,
,,,
,,,
,,,
138.3,,
,,,
,,,
,,,
138.4,,
,,,
,,,
,,,
138.5,,
,,,
,,,
,,,
138.6,,
,,,
,,,
,,,
138.7,,
,,,
,,,
,,,
138.8,,
,,,
,,,
,,,
138.9,,
,,,
,,,
,,,
139.0,,
,,,
,,,
,,,
139.1,,
,,,
,,,
,,,
139.2,,
,,,
,,,
,,,
139.3,,
,,,
,,,
,,,
139.4,,
,,,
,,,
,,,
139.5,,
,,,
,,,
,,,
139.6,,
,,,
,,,
,,,
139.7,,
,,,
,,,
,,,
139.8,,
,,,
,,,
,,,
139.9,,
,,,
,,,
,,,
140.0,,
,,,
,,,
,,,
140.1,,
,,,
,,,
,,,
140.2,,
,,,
,,,
,,,
140.3,,
,,,
,,,
,,,
140.4,,
,,,
,,,
,,,
140.5,,
,,,
,,,
,,,
140.6,,
,,,
,,,
,,,
140.7,,
,,,
,,,
,,,
140.8,,
,,,
,,,
,,,
140.9,,
,,,
,,,
,,,
141.0,,
,,,
,,,
,,,
141.1,,
,,,
,,,
,,,
141.2,,
,,,
,,,
,,,
141.3,,
,,,
,,,
,,,
141.4,,
,,,
,,,
,,,
141.5,,
,,,
,,,
,,,
141.6,,
,,,
,,,
,,,
141.7,,
,,,
,,,
,,,
141.8,,
,,,
,,,
,,,
141.9,,
,,,
,,,
,,,
142.0,,
,,,
,,,
,,,
142.1,,
,,,
,,,
,,,
142.2,,
,,,
,,,
,,,
142.3,,
,,,
,,,
,,,
142.4,,
,,,
,,,
,,,
142.5,,
,,,
,,,
,,,
142.6,,
,,,
,,,
,,,
142.7,,
,,,
,,,
,,,
142.8,,
,,,
,,,
,,,
142.9,,
,,,
,,,
,,,
143.0,,
,,,
,,,
,,,
143.1,,
,,,
,,,
,,,
143.2,,
,,,
,,,
,,,
143.3,,
,,,
,,,
,,,
143.4,,
,,,
,,,
,,,
143.5,,
,,,
,,,
,,,
143.6,,
,,,
,,,
,,,
143.7,,
,,,
,,,
,,,
143.8,,
,,,
,,,
,,,
143.9,,
,,,
,,,
,,,
144.0,,
,,,
,,,
,,,
144.1,,
,,,
,,,
,,,
144.2,,
,,,
,,,
,,,
144.3,,
,,,
,,,
,,,
144.4,,
,,,
,,,
,,,
144.5,,
,,,
,,,
,,,
144.6,,
,,,
,,,
,,,
144.7,,
,,,
,,,
,,,
144.8,,
,,,
,,,
,,,
144.9,,
,,,
,,,
,,,
145.0,,
,,,
,,,
,,,
145.1,,
,,,
,,,
,,,
145.2,,
,,,
,,,
,,,
145.3,,
,,,
,,,
,,,
145.4,,
,,,
,,,
,,,
145.5,,
,,,
,,,
,,,
145.6,,
,,,
,,,
,,,
145.7,,
,,,
,,,
,,,
145.8,,
,,,
,,,
,,,
145.9,,
,,,
,,,
,,,
146.0,,
,,,
,,,
,,,
146.1,,
,,,
,,,
,,,
146.2,,
,,,
,,,
,,,
146.3,,
,,,
,,,
,,,
146.4,,
,,,
,,,
,,,
146.5,,
,,,
,,,
,,,
146.6,,
,,,
,,,
,,,
146.7,,
,,,
,,,
,,,
146.8,,
,,,
,,,
,,,
146.9,,
,,,
,,,
,,,
147.0,,
,,,
,,,
,,,
147.1,,
,,,
,,,
,,,
147.2,,
,,,
,,,
,,,
147.3,,
,,,
,,,
,,,
147.4,,
,,,
,,,
,,,
147.5,,
,,,
,,,
,,,
147.6,,
,,,
,,,
,,,
147.7,,
,,,
,,,
,,,
147.8,,
,,,
,,,
,,,
147.9,,
,,,
,,,
,,,
148.0,,
,,,
,,,
,,,
148.1,,
,,,
,,,
,,,
148.2,,
,,,
,,,
,,,
148.3,,
,,,
,,,
,,,
148.4,,
,,,
,,,
,,,
148.5,,
,,,
,,,
,,,
148.6,,
,,,
,,,
,,,
148.7,,
,,,
,,,
,,,
148.8,,
,,,
,,,
,,,
148.9,,
,,,
,,,
,,,
149.0,,
,,,
,,,
,,,
149.1,,
,,,
,,,
,,,
149.2,,
,,,
,,,
,,,
149.3,,
,,,
,,,
,,,
149.4,,
,,,
,,,
,,,
149.5,,
,,,
,,,
,,,
149.6,,
,,,
,,,
,,,
149.7,,
,,,
,,,
,,,
149.8,,
,,,
,,,
,,,
149.9,,
,,,
,,,
,,,
